-- phpMyAdmin SQL Dump
-- version 5.2.0
-- https://www.phpmyadmin.net/
--
-- Хост: 127.0.0.1:3306
-- Время создания: Окт 21 2024 г., 21:41
-- Версия сервера: 8.0.30
-- Версия PHP: 8.1.9

SET SQL_MODE = "NO_AUTO_VALUE_ON_ZERO";
START TRANSACTION;
SET time_zone = "+00:00";


/*!40101 SET @OLD_CHARACTER_SET_CLIENT=@@CHARACTER_SET_CLIENT */;
/*!40101 SET @OLD_CHARACTER_SET_RESULTS=@@CHARACTER_SET_RESULTS */;
/*!40101 SET @OLD_COLLATION_CONNECTION=@@COLLATION_CONNECTION */;
/*!40101 SET NAMES utf8mb4 */;

--
-- База данных: `mukhametkulov_intas`
--

-- --------------------------------------------------------

--
-- Структура таблицы `couriers`
--

CREATE TABLE `couriers` (
  `id` int NOT NULL,
  `name` varchar(100) NOT NULL,
  `active` tinyint(1) DEFAULT '0'
) ENGINE=InnoDB DEFAULT CHARSET=utf8mb4 COLLATE=utf8mb4_0900_ai_ci;

--
-- Дамп данных таблицы `couriers`
--

INSERT INTO `couriers` (`id`, `name`, `active`) VALUES
(22, 'Иванов Иван Иванович', 1),
(23, 'Петров Петр Петрович', 1),
(24, 'Сидоров Сидор Сидорович', 1),
(25, 'Федоров Федор Федорович', 1),
(26, 'Алексеев Алексей Алексеевич', 1),
(27, 'Смирнов Смирн Смирнович', 1),
(28, 'Кузнецов Кузьма Кузьминович', 1),
(29, 'Лебедев Лебедь Лебедевич', 1),
(30, 'Григорьев Григорий Григорьевич', 1),
(31, 'Соловьев Станислав Соловьевич', 1);

-- --------------------------------------------------------

--
-- Структура таблицы `regions`
--

CREATE TABLE `regions` (
  `id` int NOT NULL,
  `name` varchar(100) NOT NULL,
  `travel_duration` int NOT NULL
) ENGINE=InnoDB DEFAULT CHARSET=utf8mb4 COLLATE=utf8mb4_0900_ai_ci;

--
-- Дамп данных таблицы `regions`
--

INSERT INTO `regions` (`id`, `name`, `travel_duration`) VALUES
(22, 'Санкт-Петербург', 2),
(23, 'Уфа', 3),
(24, 'Нижний Новгород', 2),
(25, 'Владимир', 1),
(26, 'Кострома', 2),
(27, 'Екатеринбург', 4),
(28, 'Ковров', 1),
(29, 'Воронеж', 3),
(30, 'Самара', 5),
(31, 'Астрахань', 6);

-- --------------------------------------------------------

--
-- Структура таблицы `trip`
--

CREATE TABLE `trip` (
  `id` int NOT NULL,
  `courier_id` int NOT NULL,
  `region_id` int NOT NULL,
  `departure_date` date NOT NULL,
  `arrival_date` date NOT NULL
) ENGINE=InnoDB DEFAULT CHARSET=utf8mb4 COLLATE=utf8mb4_0900_ai_ci;

--
-- Дамп данных таблицы `trip`
--

INSERT INTO `trip` (`id`, `courier_id`, `region_id`, `departure_date`, `arrival_date`) VALUES
(1, 26, 30, '2023-11-29', '2023-12-02'),
(2, 31, 25, '2023-10-21', '2023-10-22'),
(3, 27, 22, '2023-11-04', '2023-11-06'),
(4, 31, 26, '2023-11-09', '2023-11-10'),
(5, 30, 27, '2023-10-03', '2023-10-06'),
(6, 31, 28, '2023-11-22', '2023-11-24'),
(7, 23, 25, '2023-01-26', '2023-01-28'),
(8, 25, 22, '2023-01-14', '2023-01-16'),
(9, 28, 25, '2023-04-24', '2023-04-25'),
(10, 29, 28, '2023-02-21', '2023-02-23'),
(11, 26, 26, '2023-08-06', '2023-08-09'),
(12, 28, 25, '2023-11-28', '2023-11-30'),
(13, 22, 29, '2023-04-14', '2023-04-16'),
(14, 24, 29, '2023-03-14', '2023-03-17'),
(15, 25, 29, '2023-11-25', '2023-11-28'),
(16, 28, 23, '2023-06-27', '2023-06-30'),
(17, 23, 24, '2023-07-12', '2023-07-13'),
(18, 25, 27, '2023-02-26', '2023-03-01'),
(19, 31, 31, '2023-08-19', '2023-08-20'),
(20, 28, 29, '2023-08-14', '2023-08-17'),
(21, 30, 24, '2023-04-11', '2023-04-13'),
(22, 29, 30, '2023-07-24', '2023-07-25'),
(23, 27, 29, '2023-05-19', '2023-05-22'),
(24, 27, 28, '2023-06-17', '2023-06-20'),
(25, 23, 30, '2023-08-29', '2023-09-01'),
(26, 30, 24, '2023-09-12', '2023-09-14'),
(27, 22, 24, '2023-06-26', '2023-06-28'),
(28, 24, 30, '2023-10-24', '2023-10-25'),
(29, 31, 26, '2023-11-07', '2023-11-09'),
(30, 24, 30, '2023-06-21', '2023-06-24'),
(31, 26, 28, '2023-05-18', '2023-05-19'),
(32, 30, 25, '2023-04-03', '2023-04-04'),
(33, 26, 24, '2023-10-10', '2023-10-11'),
(34, 25, 23, '2023-03-15', '2023-03-16'),
(35, 29, 24, '2023-12-02', '2023-12-03'),
(36, 26, 28, '2023-04-19', '2023-04-22'),
(37, 27, 29, '2023-06-02', '2023-06-03'),
(38, 24, 28, '2023-07-13', '2023-07-16'),
(39, 23, 25, '2023-11-05', '2023-11-07'),
(40, 28, 23, '2023-06-26', '2023-06-29'),
(41, 23, 23, '2023-02-03', '2023-02-06'),
(42, 30, 29, '2023-06-28', '2023-06-29'),
(43, 31, 31, '2023-06-28', '2023-06-30'),
(44, 24, 23, '2023-01-09', '2023-01-12'),
(45, 26, 28, '2023-03-25', '2023-03-26'),
(46, 28, 30, '2023-07-01', '2023-07-03'),
(47, 22, 23, '2023-06-05', '2023-06-07'),
(48, 23, 23, '2023-12-16', '2023-12-19'),
(49, 29, 22, '2023-04-22', '2023-04-25'),
(50, 31, 28, '2023-04-08', '2023-04-11'),
(51, 22, 28, '2023-12-30', '2023-12-31'),
(52, 22, 27, '2023-08-11', '2023-08-12'),
(53, 24, 23, '2023-05-29', '2023-06-01'),
(54, 30, 22, '2023-09-19', '2023-09-22'),
(55, 31, 27, '2023-03-19', '2023-03-22'),
(56, 29, 23, '2023-11-10', '2023-11-11'),
(57, 31, 30, '2023-09-14', '2023-09-16'),
(58, 23, 23, '2023-11-08', '2023-11-11'),
(59, 25, 28, '2023-09-29', '2023-10-02'),
(60, 27, 24, '2023-01-05', '2023-01-08'),
(61, 23, 22, '2023-07-01', '2023-07-03'),
(62, 27, 27, '2023-10-13', '2023-10-16'),
(63, 25, 29, '2023-05-24', '2023-05-25'),
(64, 23, 28, '2023-03-13', '2023-03-15'),
(65, 22, 27, '2023-07-19', '2023-07-22'),
(66, 24, 29, '2023-02-17', '2023-02-18'),
(67, 26, 23, '2023-03-04', '2023-03-07'),
(68, 28, 22, '2023-04-20', '2023-04-21'),
(69, 23, 30, '2023-07-03', '2023-07-05'),
(70, 24, 22, '2023-12-20', '2023-12-23'),
(71, 25, 24, '2023-05-15', '2023-05-16'),
(72, 30, 26, '2023-07-03', '2023-07-06'),
(73, 22, 24, '2023-03-24', '2023-03-26'),
(74, 26, 28, '2023-01-03', '2023-01-05'),
(75, 29, 28, '2023-04-08', '2023-04-11'),
(76, 31, 27, '2023-12-25', '2023-12-27'),
(77, 29, 26, '2023-01-01', '2023-01-03'),
(78, 25, 30, '2023-12-11', '2023-12-14'),
(79, 27, 29, '2023-06-13', '2023-06-15'),
(80, 31, 28, '2023-03-23', '2023-03-24'),
(81, 31, 22, '2023-06-25', '2023-06-26'),
(82, 29, 28, '2023-05-13', '2023-05-16'),
(83, 25, 31, '2023-12-09', '2023-12-11'),
(84, 22, 29, '2023-11-12', '2023-11-13'),
(85, 24, 27, '2023-06-15', '2023-06-17'),
(86, 23, 24, '2023-03-23', '2023-03-25'),
(87, 24, 31, '2023-12-03', '2023-12-06'),
(88, 25, 29, '2023-11-21', '2023-11-24'),
(89, 24, 27, '2023-05-19', '2023-05-20'),
(90, 30, 27, '2023-04-18', '2023-04-20'),
(91, 26, 23, '2023-04-14', '2023-04-16'),
(92, 31, 28, '2023-09-12', '2023-09-15'),
(93, 24, 30, '2023-06-20', '2023-06-22'),
(94, 26, 29, '2023-11-14', '2023-11-15'),
(95, 23, 24, '2023-04-28', '2023-05-01'),
(96, 22, 22, '2023-06-04', '2023-06-05'),
(97, 28, 29, '2023-07-04', '2023-07-06'),
(98, 24, 26, '2023-09-13', '2023-09-15'),
(99, 30, 31, '2023-11-28', '2023-11-30'),
(100, 31, 25, '2023-10-05', '2023-10-08');

--
-- Индексы сохранённых таблиц
--

--
-- Индексы таблицы `couriers`
--
ALTER TABLE `couriers`
  ADD PRIMARY KEY (`id`);

--
-- Индексы таблицы `regions`
--
ALTER TABLE `regions`
  ADD PRIMARY KEY (`id`);

--
-- Индексы таблицы `trip`
--
ALTER TABLE `trip`
  ADD PRIMARY KEY (`id`),
  ADD KEY `courier_id` (`courier_id`),
  ADD KEY `region_id` (`region_id`);

--
-- AUTO_INCREMENT для сохранённых таблиц
--

--
-- AUTO_INCREMENT для таблицы `couriers`
--
ALTER TABLE `couriers`
  MODIFY `id` int NOT NULL AUTO_INCREMENT, AUTO_INCREMENT=42;

--
-- AUTO_INCREMENT для таблицы `regions`
--
ALTER TABLE `regions`
  MODIFY `id` int NOT NULL AUTO_INCREMENT, AUTO_INCREMENT=32;

--
-- AUTO_INCREMENT для таблицы `trip`
--
ALTER TABLE `trip`
  MODIFY `id` int NOT NULL AUTO_INCREMENT, AUTO_INCREMENT=102;

--
-- Ограничения внешнего ключа сохраненных таблиц
--

--
-- Ограничения внешнего ключа таблицы `trip`
--
ALTER TABLE `trip`
  ADD CONSTRAINT `trip_ibfk_1` FOREIGN KEY (`courier_id`) REFERENCES `couriers` (`id`),
  ADD CONSTRAINT `trip_ibfk_2` FOREIGN KEY (`region_id`) REFERENCES `regions` (`id`);
COMMIT;

/*!40101 SET CHARACTER_SET_CLIENT=@OLD_CHARACTER_SET_CLIENT */;
/*!40101 SET CHARACTER_SET_RESULTS=@OLD_CHARACTER_SET_RESULTS */;
/*!40101 SET COLLATION_CONNECTION=@OLD_COLLATION_CONNECTION */;
